"Id","RequestId","ProductId","Quantity"
"1","54","211","9"
"2","60","263","25"
"3","81","220","9"
"4","190","432","11"
"5","25","577","4"
"6","150","16","16"
"7","175","207","14"
"8","159","257","6"
"9","88","32","9"
"10","134","675","7"
"11","136","210","2"
"12","14","62","17"
"13","48","283","5"
"14","126","438","18"
"15","53","106","6"
"16","139","426","15"
"17","106","136","10"
"18","166","493","12"
"19","40","615","4"
"20","188","553","22"
"21","0","42","20"
"22","104","240","12"
"23","39","169","7"
"24","159","420","9"
"25","191","392","12"
"26","103","273","15"
"27","187","123","18"
"28","20","65","11"
"29","98","244","3"
"30","27","272","19"
"31","45","698","24"
"32","170","261","19"
"33","112","538","17"
"34","35","497","5"
"35","48","665","21"
"36","189","467","11"
"37","101","398","16"
"38","186","658","12"
"39","23","24","10"
"40","72","386","13"
"41","88","454","5"
"42","170","163","20"
"43","94","166","5"
"44","19","77","22"
"45","160","232","5"
"46","102","673","1"
"47","188","310","18"
"48","79","225","8"
"49","15","638","4"
"50","195","664","17"
"51","38","560","19"
"52","176","388","9"
"53","65","335","1"
"54","114","56","2"
"55","23","569","4"
"56","68","160","14"
"57","106","673","19"
"58","83","68","20"
"59","39","266","23"
"60","149","87","9"
"61","114","473","11"
"62","69","688","9"
"63","79","663","4"
"64","192","292","11"
"65","22","182","25"
"66","12","235","8"
"67","51","685","12"
"68","82","450","11"
"69","104","636","13"
"70","11","618","2"
"71","75","666","13"
"72","47","539","19"
"73","98","291","11"
"74","118","204","17"
"75","32","630","20"
"76","180","299","12"
"77","153","683","22"
"78","32","364","9"
"79","131","488","21"
"80","98","390","18"
"81","29","29","3"
"82","8","364","8"
"83","177","446","19"
"84","114","180","1"
"85","106","221","20"
"86","186","24","10"
"87","34","569","13"
"88","137","152","6"
"89","87","415","25"
"90","41","287","21"
"91","146","591","8"
"92","95","663","18"
"93","6","689","19"
"94","7","568","20"
"95","42","13","5"
"96","94","420","6"
"97","126","479","14"
"98","8","111","7"
"99","178","688","7"
"100","19","1","4"
"101","129","134","20"
"102","51","325","11"
"103","32","573","19"
"104","55","408","15"
"105","78","77","11"
"106","35","615","18"
"107","6","267","13"
"108","19","496","23"
"109","109","276","17"
"110","163","397","19"
"111","194","514","1"
"112","21","670","19"
"113","103","120","10"
"114","195","472","3"
"115","101","416","8"
"116","159","630","13"
"117","108","255","12"
"118","199","423","13"
"119","176","144","23"
"120","148","692","25"
"121","50","671","5"
"122","153","38","6"
"123","10","191","16"
"124","78","192","24"
"125","188","507","11"
"126","131","80","8"
"127","27","508","2"
"128","35","78","22"
"129","35","606","22"
"130","167","598","5"
"131","193","474","11"
"132","104","325","18"
"133","38","399","6"
"134","0","239","11"
"135","99","432","15"
"136","51","421","7"
"137","133","324","9"
"138","168","619","8"
"139","125","421","18"
"140","6","179","5"
"141","172","541","5"
"142","131","100","1"
"143","130","397","9"
"144","56","22","2"
"145","49","674","12"
"146","110","628","3"
"147","3","537","11"
"148","185","511","23"
"149","183","602","5"
"150","151","424","25"
"151","93","578","11"
"152","72","684","9"
"153","137","466","24"
"154","36","652","22"
"155","191","627","10"
"156","178","22","20"
"157","10","323","21"
"158","184","690","20"
"159","39","498","1"
"160","7","197","1"
"161","31","332","7"
"162","50","368","14"
"163","135","480","6"
"164","158","96","3"
"165","61","615","4"
"166","106","378","19"
"167","138","481","9"
"168","106","288","10"
"169","8","562","3"
"170","151","59","8"
"171","29","37","6"
"172","188","196","2"
"173","50","71","10"
"174","171","73","15"
"175","86","7","19"
"176","67","653","18"
"177","175","317","22"
"178","11","528","16"
"179","69","638","9"
"180","153","76","2"
"181","114","444","24"
"182","158","14","7"
"183","145","149","6"
"184","69","303","1"
"185","110","447","2"
"186","84","461","3"
"187","181","161","4"
"188","16","276","3"
"189","171","85","7"
"190","20","208","8"
"191","177","592","25"
"192","97","422","14"
"193","8","393","9"
"194","172","102","21"
"195","36","496","6"
"196","127","447","8"
"197","89","70","11"
"198","101","132","11"
"199","169","526","24"
"200","22","615","16"
"201","184","399","6"
"202","1","33","23"
"203","95","24","25"
"204","164","428","5"
"205","168","240","5"
"206","116","349","7"
"207","53","297","2"
"208","140","347","25"
"209","108","618","16"
"210","101","336","2"
"211","16","191","17"
"212","178","2","17"
"213","59","618","15"
"214","181","290","13"
"215","44","491","11"
"216","35","152","18"
"217","6","519","5"
"218","168","314","23"
"219","148","198","1"
"220","80","655","13"
"221","14","258","15"
"222","57","601","20"
"223","67","548","23"
"224","77","374","22"
"225","113","22","4"
"226","183","388","18"
"227","91","29","25"
"228","84","601","10"
"229","162","529","10"
"230","183","440","6"
"231","21","338","25"
"232","91","162","20"
"233","76","176","20"
"234","74","80","4"
"235","178","537","25"
"236","108","462","23"
"237","34","250","3"
"238","25","358","11"
"239","11","664","6"
"240","3","350","2"
"241","7","282","7"
"242","58","403","18"
"243","59","631","12"
"244","58","426","18"
"245","87","98","17"
"246","102","130","7"
"247","81","317","22"
"248","186","487","2"
"249","45","287","21"
"250","68","606","23"
"251","178","73","23"
"252","116","608","8"
"253","3","557","17"
"254","3","222","18"
"255","158","294","7"
"256","134","228","25"
"257","89","250","9"
"258","27","564","7"
"259","161","169","18"
"260","77","412","6"
"261","188","655","12"
"262","95","251","4"
"263","155","687","2"
"264","26","352","10"
"265","74","84","10"
"266","113","301","4"
"267","45","205","5"
"268","105","604","7"
"269","54","589","11"
"270","179","412","20"
"271","74","440","17"
"272","86","692","21"
"273","14","564","17"
"274","41","6","14"
"275","163","366","11"
"276","164","598","16"
"277","64","555","25"
"278","169","102","12"
"279","0","656","13"
"280","17","149","6"
"281","181","363","25"
"282","128","667","21"
"283","39","223","14"
"284","156","434","3"
"285","28","58","25"
"286","77","301","22"
"287","72","671","6"
"288","159","651","11"
"289","71","109","1"
"290","74","324","12"
"291","174","338","14"
"292","189","577","21"
"293","151","362","9"
"294","192","130","22"
"295","134","469","8"
"296","98","100","8"
"297","72","241","18"
"298","3","505","16"
"299","198","378","1"
"300","147","446","13"
"301","68","174","12"
"302","8","334","16"
"303","12","207","19"
"304","45","520","16"
"305","99","679","7"
"306","26","678","7"
"307","27","665","25"
"308","8","656","1"
"309","26","213","18"
"310","149","198","21"
"311","56","495","9"
"312","62","372","9"
"313","90","339","11"
"314","125","585","17"
"315","89","93","16"
"316","92","272","1"
"317","43","651","9"
"318","179","526","16"
"319","119","96","16"
"320","163","189","4"
"321","138","233","16"
"322","85","558","2"
"323","191","225","22"
"324","37","397","10"
"325","0","266","8"
"326","67","248","4"
"327","3","408","6"
"328","29","381","8"
"329","20","159","10"
"330","129","297","13"
"331","177","478","22"
"332","75","652","2"
"333","148","423","23"
"334","164","369","5"
"335","186","150","14"
"336","69","327","22"
"337","114","581","8"
"338","123","360","18"
"339","179","22","13"
"340","90","283","3"
"341","130","54","21"
"342","110","668","11"
"343","153","80","9"
"344","116","458","24"
"345","141","656","15"
"346","6","489","23"
"347","173","271","21"
"348","110","473","25"
"349","13","414","8"
"350","73","130","21"
"351","17","663","19"
"352","56","285","14"
"353","76","440","22"
"354","70","498","13"
"355","139","166","10"
"356","83","509","18"
"357","189","125","14"
"358","31","594","1"
"359","58","166","22"
"360","66","609","14"
"361","70","388","20"
"362","11","700","14"
"363","19","331","21"
"364","87","447","7"
"365","77","431","24"
"366","89","258","1"
"367","105","490","20"
"368","136","427","24"
"369","185","581","20"
"370","141","697","2"
"371","91","386","23"
"372","10","575","22"
"373","17","412","11"
"374","106","339","19"
"375","76","32","1"
"376","3","183","4"
"377","188","558","12"
"378","162","420","25"
"379","100","49","17"
"380","101","676","18"
"381","21","377","23"
"382","179","590","14"
"383","90","276","5"
"384","74","646","13"
"385","72","692","3"
"386","43","558","6"
"387","103","643","6"
"388","88","648","24"
"389","52","351","4"
"390","28","137","21"
"391","185","50","25"
"392","134","189","6"
"393","133","205","21"
"394","81","12","24"
"395","112","341","20"
"396","141","42","22"
"398","103","85","24"
"399","96","472","23"
"400","59","77","6"
"401","121","411","15"
"402","43","610","19"
"403","60","361","25"
"404","72","18","4"
"405","26","45","18"
"406","175","60","17"
"407","51","371","12"
"408","76","345","15"
"409","72","267","23"
"410","81","269","17"
"411","113","529","13"
"412","87","449","17"
"413","52","537","14"
"414","22","315","6"
"415","152","244","18"
"416","153","143","13"
"417","6","527","3"
"418","164","688","24"
"419","89","400","18"
"420","119","51","25"
"421","101","476","16"
"422","186","504","5"
"423","165","146","5"
"424","80","431","11"
"425","108","420","23"
"426","22","130","15"
"427","19","648","8"
"428","145","112","21"
"429","132","374","12"
"430","9","488","4"
"431","178","641","21"
"432","162","319","15"
"433","28","117","1"
"434","197","500","13"
"435","121","33","20"
"436","113","182","4"
"437","54","281","24"
"438","76","175","21"
"439","107","66","9"
"440","91","560","25"
"441","194","464","9"
"442","134","218","15"
"443","180","464","8"
"444","143","63","24"
"445","186","541","5"
"446","6","155","3"
"447","96","368","6"
"448","166","489","25"
"449","155","480","5"
"450","174","324","18"
"451","187","13","16"
"452","18","658","9"
"453","196","398","20"
"454","135","309","23"
"455","144","643","18"
"456","120","149","7"
"457","192","355","25"
"458","104","698","11"
"459","183","677","17"
"460","58","640","1"
"461","39","271","8"
"462","20","397","21"
"463","72","327","11"
"464","120","512","23"
"465","174","488","9"
"466","58","614","16"
"467","62","352","12"
"468","127","343","16"
"469","48","637","17"
"470","73","587","9"
"471","3","603","6"
"472","98","299","22"
"473","87","674","14"
"474","149","270","11"
"475","109","600","23"
"476","166","13","10"
"477","195","588","3"
"478","95","1","13"
"479","58","576","5"
"480","159","366","10"
"481","119","669","20"
"482","36","604","21"
"483","83","557","23"
"484","164","256","12"
"485","145","421","6"
"486","140","393","3"
"487","191","679","10"
"488","118","121","12"
"489","62","60","2"
"490","64","340","19"
"491","7","663","25"
"492","53","487","4"
"493","78","22","7"
"494","147","542","8"
"495","141","521","17"
"496","52","54","19"
"497","164","445","9"
"498","136","231","22"
"499","24","314","8"
"500","147","589","20"
"501","190","424","13"
"502","74","45","8"
"503","53","382","25"
"504","120","108","9"
"505","39","280","22"
"506","84","344","20"
"507","176","652","5"
"508","151","89","15"
"509","59","685","15"
"510","88","176","15"
"511","123","382","13"
"512","3","564","17"
"513","108","183","10"
"514","116","86","10"
"515","50","556","14"
"516","131","337","23"
"517","160","401","2"
"518","175","651","14"
"519","20","591","8"
"520","40","659","19"
"521","110","252","22"
"522","153","73","25"
"523","81","98","8"
"524","64","655","23"
"525","57","299","2"
"526","182","440","7"
"527","149","360","3"
"528","190","233","8"
"529","185","521","14"
"530","177","63","3"
"531","184","118","23"
"532","4","698","23"
"533","5","674","4"
"534","5","182","23"
"535","98","413","23"
"536","84","185","10"
"537","68","695","24"
"538","182","469","15"
"539","198","151","18"
"540","63","123","6"
"541","136","179","10"
"542","110","458","7"
"543","29","155","6"
"544","45","671","8"
"545","173","21","16"
"546","152","106","7"
"547","92","517","7"
"548","51","335","23"
"549","8","436","16"
"550","190","433","6"
"551","4","402","8"
"552","88","596","20"
"553","3","250","3"
"554","147","50","11"
"555","30","197","8"
"556","64","433","15"
"557","101","388","3"
"558","38","407","22"
"559","68","603","16"
"560","195","636","7"
"561","170","677","2"
"562","169","323","21"
"563","93","242","8"
"564","83","354","9"
"565","133","671","10"
"566","102","217","4"
"567","145","589","8"
"568","193","150","8"
"569","103","399","2"
"570","31","181","7"
"571","159","123","21"
"572","149","296","3"
"573","66","382","22"
"574","193","286","2"
"575","22","243","23"
"576","37","538","15"
"577","38","668","9"
"578","168","210","8"
"579","138","356","17"
"580","127","167","11"
"581","154","591","23"
"582","129","513","20"
"583","160","83","18"
"584","25","79","23"
"585","167","664","13"
"586","56","345","16"
"587","115","261","17"
"588","62","124","2"
"589","20","57","16"
"590","80","144","11"
"591","186","643","24"
"592","53","383","10"
"593","65","383","17"
"594","12","394","4"
"595","107","172","3"
"596","59","644","16"
"597","27","633","22"
"598","177","393","8"
"599","66","672","25"
"600","102","368","13"
"601","119","567","1"
"602","172","347","3"
"603","83","315","17"
"604","60","140","24"
"605","149","175","9"
"606","34","387","18"
"608","145","583","14"
"609","181","17","16"
"610","38","64","1"
"611","37","550","3"
"612","99","592","14"
"613","46","428","1"
"614","23","103","12"
"615","53","271","18"
"616","99","553","16"
"617","8","275","9"
"618","124","387","8"
"619","100","418","17"
"620","199","700","21"
"621","10","540","24"
"622","2","245","17"
"623","196","65","7"
"624","12","65","15"
"625","142","452","19"
"626","131","178","20"
"627","133","497","17"
"628","28","583","13"
"629","21","463","8"
"630","71","466","5"
"631","31","164","23"
"632","93","384","15"
"633","82","31","11"
"634","11","423","11"
"635","165","349","9"
"636","123","260","22"
"637","57","644","16"
"638","109","141","1"
"639","166","692","6"
"640","82","348","19"
"641","124","336","2"
"642","110","35","10"
"644","174","255","20"
"645","132","290","21"
"646","154","463","9"
"647","103","267","11"
"648","195","440","15"
"649","145","274","3"
"650","118","162","23"
"651","8","95","23"
"652","0","689","14"
"653","10","43","20"
"654","171","442","22"
"655","29","245","1"
"656","71","55","24"
"657","179","193","9"
"658","26","346","19"
"659","153","253","11"
"660","162","312","20"
"661","29","316","23"
"662","139","339","19"
"663","51","329","20"
"664","80","436","1"
"665","138","684","16"
"666","17","575","20"
"667","145","494","17"
"668","35","463","18"
"669","193","673","8"
"670","7","373","10"
"671","78","56","16"
"672","52","512","21"
"673","32","624","10"
"674","153","453","7"
"675","185","574","12"
"676","94","500","5"
"677","87","496","20"
"678","126","652","8"
"679","139","625","14"
"680","54","523","4"
"681","159","691","1"
"682","58","371","7"
"683","134","433","19"
"684","196","535","9"
"685","105","567","20"
"686","157","197","23"
"687","153","537","5"
"688","134","636","25"
"689","82","494","17"
"690","69","454","16"
"691","192","298","16"
"692","29","238","13"
"693","198","42","19"
"694","116","175","2"
"695","184","1","5"
"696","66","376","2"
"697","155","222","23"
"698","158","491","13"
"699","4","347","22"
"700","94","680","18"
"701","183","600","6"
"702","115","467","22"
"703","79","426","8"
"704","126","461","10"
"705","34","672","1"
"706","156","608","16"
"707","158","589","19"
"708","182","535","3"
"709","81","236","1"
"710","91","1","14"
"711","23","22","14"
"712","30","280","16"
"713","179","268","21"
"714","16","661","18"
"715","27","346","6"
"716","60","530","24"
"717","21","139","21"
"718","104","584","7"
"719","84","613","7"
"720","140","494","14"
"721","14","246","8"
"722","185","483","10"
"723","15","150","18"
"724","48","14","3"
"725","67","383","6"
"726","89","676","15"
"727","18","530","13"
"728","101","169","12"
"729","15","217","12"
"730","74","81","8"
"731","111","64","8"
"732","57","224","6"
"733","13","124","9"
"734","66","527","14"
"735","138","166","22"
"736","38","482","23"
"737","114","282","13"
"738","37","25","20"
"739","23","526","18"
"740","66","559","7"
"741","98","215","25"
"742","72","439","13"
"744","27","541","4"
"745","168","380","24"
"746","163","536","22"
"747","161","57","19"
"748","2","171","7"
"749","101","406","2"
"750","5","276","17"
"751","24","292","19"
"752","43","322","10"
"753","55","149","2"
"754","26","434","3"
"755","179","177","3"
"756","133","7","6"
"757","195","81","6"
"758","111","470","24"
"759","124","585","19"
"760","9","662","22"
"761","87","311","4"
"762","64","515","6"
"763","31","336","14"
"764","122","247","4"
"765","193","49","21"
"766","120","560","6"
"767","143","403","1"
"768","40","667","7"
"769","18","197","10"
"770","125","354","21"
"771","195","652","4"
"772","67","7","11"
"773","133","643","13"
"774","23","195","1"
"775","22","493","20"
"776","82","126","25"
"777","137","58","15"
"778","101","226","3"
"779","70","532","11"
"780","136","362","11"
"781","194","569","20"
"782","107","629","4"
"783","180","66","19"
"784","17","666","5"
"785","57","178","13"
"786","18","115","14"
"787","55","561","12"
"788","97","125","5"
"789","124","272","18"
"790","26","151","10"
"791","65","558","5"
"792","42","476","15"
"793","106","96","19"
"794","13","424","16"
"795","100","613","24"
"796","182","262","10"
"797","178","132","23"
"798","163","395","23"
"799","163","75","19"
"800","63","303","7"
"801","146","658","11"
"802","124","437","18"
"803","95","269","11"
"804","30","405","11"
"805","77","458","7"
"806","77","249","22"
"807","28","221","1"
"808","133","592","19"
"809","17","197","20"
"810","33","65","8"
"811","13","686","13"
"812","195","155","4"
"813","35","221","15"
"814","133","437","5"
"815","186","398","23"
"816","129","103","8"
"817","41","595","17"
"818","63","176","12"
"819","103","220","24"
"820","28","8","11"
"821","18","112","1"
"822","25","557","23"
"823","1","587","6"
"824","99","521","18"
"825","60","572","25"
"826","148","97","8"
"827","102","18","3"
"828","121","643","7"
"829","94","323","7"
"830","158","593","9"
"831","127","151","25"
"832","166","475","10"
"833","104","89","19"
"834","72","247","8"
"835","81","31","7"
"836","7","163","22"
"837","61","216","11"
"838","63","632","22"
"839","54","635","21"
"840","108","339","15"
"841","19","455","11"
"842","157","323","2"
"843","11","569","7"
"844","21","369","21"
"845","190","218","18"
"846","168","425","21"
"847","9","489","5"
"848","198","543","20"
"849","10","48","5"
"850","186","311","16"
"851","53","698","24"
"852","194","306","5"
"853","196","352","14"
"854","34","478","1"
"855","91","408","24"
"856","149","493","16"
"857","8","17","22"
"858","125","671","10"
"859","20","520","1"
"860","191","690","8"
"861","179","84","3"
"862","88","189","11"
"863","160","253","21"
"864","82","206","9"
"865","127","152","11"
"866","72","636","12"
"867","46","656","23"
"868","194","184","9"
"869","7","529","4"
"870","152","256","15"
"871","57","146","14"
"872","145","368","7"
"873","48","491","20"
"874","79","304","25"
"875","121","506","17"
"876","154","244","10"
"877","29","148","9"
"878","116","26","21"
"879","31","7","13"
"880","117","90","22"
"881","189","272","24"
"882","96","499","20"
"883","31","306","5"
"884","167","144","12"
"885","167","362","14"
"886","72","517","21"
"887","85","59","2"
"888","196","606","2"
"889","166","374","17"
"890","198","91","12"
"891","136","642","7"
"892","189","411","22"
"893","5","157","13"
"894","59","244","6"
"895","16","365","9"
"896","117","486","20"
"897","174","505","19"
"898","188","235","11"
"899","115","92","1"
"900","174","638","3"
"901","73","411","22"
"902","117","432","20"
"903","0","275","1"
"904","171","24","1"
"905","189","691","5"
"906","86","63","18"
"907","24","440","9"
"908","5","633","23"
"909","0","52","14"
"910","56","113","16"
"911","31","29","9"
"912","137","385","14"
"913","49","485","5"
"914","10","619","19"
"915","190","398","17"
"916","48","503","17"
"917","140","208","11"
"918","122","149","23"
"919","18","323","19"
"920","126","87","15"
"921","187","572","11"
"922","60","366","14"
"923","10","27","22"
"924","148","236","14"
"925","12","162","18"
"926","177","329","18"
"927","33","555","7"
"928","84","648","5"
"929","171","172","25"
"930","83","62","2"
"931","179","88","22"
"932","2","82","10"
"933","189","168","22"
"934","166","618","2"
"935","79","153","24"
"936","136","233","18"
"937","199","309","22"
"938","104","579","14"
"939","175","668","17"
"940","69","437","4"
"941","110","402","10"
"942","143","57","1"
"943","67","40","23"
"944","142","233","13"
"945","97","321","7"
"946","196","441","13"
"947","55","17","24"
"948","94","497","16"
"949","68","690","2"
"950","63","637","11"
"951","187","476","1"
"952","166","382","19"
"953","44","321","25"
"954","9","59","21"
"955","110","616","10"
"957","19","607","20"
"958","145","656","17"
"959","145","245","6"
"960","125","87","2"
"961","26","88","9"
"962","174","504","4"
"963","21","255","6"
"964","10","572","1"
"965","174","576","17"
"966","95","164","15"
"967","71","58","4"
"968","63","188","3"
"969","1","524","20"
"970","109","488","1"
"971","35","574","2"
"972","99","481","18"
"973","64","602","10"
"974","60","15","13"
"975","44","487","17"
"976","87","191","13"
"977","156","542","21"
"978","119","415","8"
"979","127","78","23"
"980","19","600","10"
"981","28","469","9"
"982","178","64","8"
"983","118","23","9"
"984","165","418","23"
"985","87","201","12"
"986","1","512","14"
"987","148","56","9"
"988","142","484","11"
"989","54","437","25"
"990","147","358","23"
"991","188","133","14"
"992","69","39","5"
"993","128","639","21"
"994","49","347","22"
"995","60","528","6"
"996","81","332","25"
"997","20","48","4"
"998","9","265","11"
"999","126","561","6"
"1000","140","165","14"
